method,talent_loss_score,sim_elim_score,sim_elim_vote,Talent_Retention_Score
New_Mechanism,0.11647381309359611,18.98484659090909,0.09061761435899054,0.8835261869064039
Percentage,0.20232882545245942,19.656352272727272,0.07038244445611629,0.7976711745475406
Ranking,0.3071731248347436,23.526510227272727,0.05778128698901935,0.6928268751652564
